id,verified,time,lang,favorites,retweets,views,text
1865394479911272448,False,2024-12-07 13:54:36,en,473,24,45299.0,$NVDA is at the same spot as it was 6 months ago... but looks so much better https://t.co/HUre4aV36d
1865075589562130670,False,2024-12-06 16:47:26,en,65,6,13275.0,$NVDA should have never split. I said what I said. https://t.co/FylbSzfxCn
1865217926078329103,False,2024-12-07 02:13:02,en,269,24,32401.0,"$NVDA should see under 140 to start next week
 
Dip buyers on Friday should be stopped out buy then and then we make our move
 
Will be watching 140 calls when bottom of wedge is test https://t.co/an207ty83b"
1865498363405242679,False,2024-12-07 20:47:23,en,865,167,79788.0,"Nvidia $NVDA is the best performing S&amp;P 500 stock over the last 5, 10, 15 and 20 yearsüò≤ https://t.co/FAMnkJW6XT"
1865204433740587418,False,2024-12-07 01:19:25,en,1922,129,127568.0,Seems like $TSLA about to have its $NVDA moment üëÄ https://t.co/VLEaL6tVSK
1865483812903256448,False,2024-12-07 19:49:34,en,62,4,5711.0,"$NVDA (daily) Bearish head and shoulders.
Move down to the neckline would mean a major breakdown below ascending wedge and 2 year uptrend line support. https://t.co/VbJlJEs2Wn"
1865146733161795815,False,2024-12-06 21:30:08,en,171,13,21636.0,"$NVDA wanted to see 148 first, but they had to take it to 142 first...there was some news out of EU today. 

We'll see next week re attempt the 145 or trendline level. https://t.co/RER1d8F8OD"
1864043857891283206,False,2024-12-03 20:27:42,en,34,2,9947.0,Waiting for $NVDA to push over $140.30 ‚Ä¶ and stay above itüòÜ https://t.co/CO8dxZrrQp
1865124051980530135,False,2024-12-06 20:00:00,en,52,6,8774.0,If you are an NVIDIA $NVDA shareholder‚Ä¶ URGENT WARNING https://t.co/4svjEUsWPI
1865059489948536927,False,2024-12-06 15:43:28,en,316,17,50629.0,"$NVDA

I just bought the December 20 $148 calls

Not financial advice! https://t.co/YBBJeP9eO0"
1865480886939979838,False,2024-12-07 19:37:57,en,34,1,3896.0,$NVDA (quarterly) Remains at lifetime channel resistance. https://t.co/Nvne9HV2MR
1865527741715546583,False,2024-12-07 22:44:08,en,60,11,5620.0,"$TSLA will become the most valuable company in the world soon.

Last time I saw a stock with this much potential to rally was NVDA in 2023 when it was $13.

$NVDA is now one of the biggest company‚Äôs in the world and trades at over $152+

$600+ incoming for $TSLA soon.

Be ready‚Ä¶ https://t.co/b8sPGxJTav"
1839845769559388198,False,2024-09-28 01:53:08,en,13457,1604,2454513.0,"Wall Street has NO IDEA what‚Äôs coming. 

Zuck explains the bull case for $NVDA in 2 minutes better than any analyst: 

 https://t.co/uehEkSw7bX"
1863010442584461353,False,2024-12-01 00:01:17,en,1313,102,455500.0,"$TSLA made millionaires by dominating EVs &amp; energy

$NVDA made millionaires with their data center GPUs

These 3 stocks will be next. Don't say I didn't warn you: https://t.co/3MWiAMx1Ww"
1865257660292944044,False,2024-12-07 04:50:55,en,4,0,368.0,Now that I'm official out of the dumpster fire that is $AMD; $NVDA actually looks to be setting up really nicely for a reversal next week and inverse H&amp;S breakout.  Key level I'm watching to ensure reversal and right shoulder is break of 143.3. https://t.co/9H3IFawOYs
1863691225808679292,False,2024-12-02 21:06:28,en,34,5,3983.0,Got a weird feeling we are going to see some news drop on $NVDA soon based on the price action and flow we are seeing.. https://t.co/wOiVLcNtLZ
1807459331572457853,False,2024-06-30 17:01:00,en,9230,958,1060918.0,"On September 19, 2022, Jim Cramer said to short Nvidia, $NVDA, calling it a loser.

It is up 835% since then. https://t.co/j9aTnKu34w"
1865551364962893830,False,2024-12-08 00:18:00,en,0,0,86.0,It Sparked! $XCH exploded up by 61  % after our ANALYST signaled the entry for our members in the 14 -day FREE trial !  - https://t.co/3VNxm1kDi1 - Make the move! $JASMY $XRP $SOXL $NVDA $TSLA $MRVL $SQQQ $SOUN $MSTR $GNS https://t.co/6Jbdhqy4nu
1865551364887359879,False,2024-12-08 00:18:00,en,0,0,51.0,Boom! Bagged  21 % on $ZCAR ! Ready to stack up ? Jump in with our 14 -day FREE trial and catch the next big win !  - https://t.co/0SWvJYCIBM - Step in! $MSTR $SQQQ $MRVL $CYCN $SOXL $BTC $NVDA $GNS $JASMY $TSLA https://t.co/OVEFHa4aUV
1865551364753113467,False,2024-12-08 00:18:00,en,0,0,68.0,It's Upbeat! We caught this huge RUN on  $TANH which landed our members 44 % in PROFITS . Sign up for our FREE trial so you don 't miss the next trade ! !  - https://t.co/EZPVCHVoEM - Be involved! $XRP $BTC $JASMY $GNS $SQQQ $MSTR $NVDA $CYCN $SOXL $TSLA https://t.co/SwWbNviN5H
1865551364656382049,False,2024-12-08 00:18:00,en,0,0,44.0,Rock'n on! Unlock gains like this  26 % boost on $CXAI ! Don‚Äôt sleep on it‚Äîgrab your 14 -day FREE trial now !  - https://t.co/9jUGjRtFGt - Catch it now! $SOUN $SQQQ $CYCN $MRVL $JASMY $TSLA $MSTR $SOXL $BTC $NVDA https://t.co/HGnX8d9YxR
1865550406660874384,False,2024-12-08 00:14:11,en,0,0,32.0,"NVIDIA Corporation (NVDA): This Billionaire Quant Thinks NVDA Stock is the Cheapest Megacap
https://t.co/6V8t8FflCq

$NVDA"
1865550299806458277,False,2024-12-08 00:13:46,en,0,0,44.0,"@FabdGPro Be cautious with investment promises like ""97% profit boost."" Research thoroughly and consider market volatility before joining. $NVDA and $TSLA are solid companies but ensure timely evaluation."
1865550123058770431,False,2024-12-08 00:13:04,en,0,0,77.0,"#Mag7 stocks just hit their lowest trading volume in years. The last time we saw such conditions, the market was nearing a major top. Could history repeat? $AAPL $MSFT $GOOGL $AMZN $META $TSLA $NVDA"
1865550106906534191,False,2024-12-08 00:13:00,en,0,0,116.0,"I'm Pumped! We caught this RUN on  $PLCE and alerted a short alert for our members , securing them 44 % in GAINS ! Access these alerts for FREE today ! !  - https://t.co/EZPVCHVoEM - Click here! $TSLA $ILLR $CYCN $NVDA $XRP $SQQQ $JASMY $BTC $GNS $SOXL https://t.co/4amKCz2m2W"
1865550106776457590,False,2024-12-08 00:13:00,en,0,0,54.0,"It's a Jollyday! Our analyst caught the SURGE on  $ELWS , securing our members 106 % in GAINS ! Sign -up for our 14 -day FREE trial today !  - https://t.co/9jUGjRudw1 - Join today! $SQQQ $SOUN $TSLA $GNS $SOXL $NVDA $SWFTC $ILLR $CYCN $BTC https://t.co/rW0V9uEsYt"
1865550106746892363,False,2024-12-08 00:13:00,en,0,0,93.0,Zippy! Unlock a  97 % profit boost with $CING ! Join our server today‚Äîcompletely FREE !  - https://t.co/0SWvJYCaMe - Get in now! $SWFTC $SOUN $SQQQ $NVDA $TSLA $MRVL $SOXL $CYCN $GNS $XRP https://t.co/SmAxJmPbFC
1865550106659012893,False,2024-12-08 00:13:00,en,0,0,94.0,It's Lovely! $APLT went FLYING up 45  % after our analyst gave the entry alert to our FREE trial members ! Sign -up today !  - https://t.co/3VNxm1kDi1 - Come join us! $CYCN $TSLA $NVDA $SOUN $SQQQ $GNS $BTC $XRP $SWFTC $SOXL https://t.co/mIxy0Nu4ae
1865550026119758277,False,2024-12-08 00:12:41,en,0,0,32.0,"@TradersParadise @Mr_Derivatives For reaaaal, I started following him a few years ago and had to unfollow him cuz he was nothing but bearish especially on $NVDA this whole ride up. Cant take him seriously at all after that."
1865549937913512280,False,2024-12-08 00:12:20,en,0,0,59.0,"üö®TheFundedTrader Sale!üö®

- Up to 30% OFF!
- 85% Profit Split!
- All account sizes!

Start trading with TFT!üëá
https://t.co/kpaR2G20o6

$NQ $ES $SPY $QQQ $AAPL $CL $NG $MSFT $NVDA #NQ_F #ES_F #NQ #ES #Futures #FundedTrader #PropFirm https://t.co/9EHC52Fb9E"
1865549738541531529,False,2024-12-08 00:11:32,en,0,0,57.0,"Our free stock trading Discord:-

Discord Link Here ‚û°Ô∏èhttps://t.co/NBC9xD6h6D

$AAPL $VKTX $FFIE $AMC $GWAV $CRKN $SPY $GNS $HOLO $NVDA $CYN $BSFC $MULN https://t.co/ksfwmFjYbM"
1865549356977586355,False,2024-12-08 00:10:01,en,3,2,41.0,"$NVDA got diamond hands on $PHNIX, sharing powerful fibonacci buys tonight, step by step, just smash that like button and click my key options guide below to support!"
1865549323578331443,False,2024-12-08 00:09:53,en,0,0,62.0,"‚òõ‚òõ‚òõ Maximize profits. Stay patient and let the trade play out

Discord Link Here ‚û°Ô∏èhttps://t.co/NBC9xD6OWb

$AAPL $VKTX $FFIE $AMC $GWAV $CRKN $SPY $GNS $HOLO $NVDA $CYN $BSFC https://t.co/1QvhEnXh1D"
1865549110100582839,False,2024-12-08 00:09:02,en,0,0,39.0,"@DekmarTrades It's ok, people are starting to find $APLD now after $NVDA invested. 

Smaller float and high short interest will have this baby EXPLODE when they release their $10+ billion tenant deal with a Fortune 50 company. 

Hurry though, you announce APLD after Monday it may be too late.."
1865548918605377629,False,2024-12-08 00:08:17,en,2,0,185.0,"Markets On Close üçª

#DOWJONES: 44.625,02   -0,31%
#SP500: 6.085,95   0,18%
#NASDAQ: 19.840,098   0,71%
#BITCOIN #BTC : 101.824,69   3,69%
$XRP : 2.39 3.34%
 
Magnificent 7 Performance:

$TSLA $META $AMZN $AAPL $NVDA $MSFT $GOOGL

#ArtBasel way to many clowns ü§° why actually? https://t.co/utBsMUxWL0"
1865196776690466925,False,2024-12-07 00:48:59,en,30,5,3614.0,"$SOFI looking to make its next move. Hammer candle on the daily, pictured below is the last time we saw this candle. Testing the 21ema on both. 

I expect a move to $17+ next week as we move forward with a Christmas rally.

$SOFI $TSLA $PLTR $DJT $NVDA https://t.co/3Ob0Mm0ga7"
1864786391252476338,False,2024-12-05 21:38:16,en,130,1,6799.0,$NVDA Update https://t.co/lwDtpWLVR9
1865119157047476487,False,2024-12-06 19:40:33,en,11,1,3142.0,$NVDA SOON WE WILL HAVE A RESOLUTION 176 OR SUB 100 https://t.co/OVVN7XrzRI
1761469357815652791,False,2024-02-24 19:13:16,en,26465,6015,4840796.0,Nvidia $NVDA vs Intel $INTC: 2014 to today  https://t.co/NqUFZpQMjE
1865245406801641877,False,2024-12-07 04:02:14,en,400,33,47930.0,‚ÄúI‚Äòm not saying but I‚Äôm saying‚Ä¶.‚Äù  ü§îüìà $TSLA $NVDA https://t.co/PbYfmv3d6D
1865388290364657702,False,2024-12-07 13:30:00,en,167,14,21594.0,GM and Happy Saturday friends. ‚òï  $NVDA https://t.co/iNs3kQ16UU
1865084482346221593,False,2024-12-06 17:22:46,en,72,8,11061.0,Purple + Red = Buy: $NVDA ‚úçÔ∏è https://t.co/1n5k47AKyD
1864828290818609459,False,2024-12-06 00:24:46,en,1220,42,95284.0,"I found the next $GME

Mark my words‚Ä¶

I found the next $AMC $FFIE $NVDA type play 

10,000% potential play 

Like + comment ‚Äú$GME‚Äù  and I‚Äôll sent it to you‚Ä¶ ‚ù§Ô∏è

(Must be following to DM) https://t.co/GhjB1PmRWN"
1863016249837396329,False,2024-12-01 00:24:21,en,47,2,7761.0,"I‚Äôve got a 97% chance trade ready to drop, but it‚Äôs up to you.

This post needs 25 likes AND a comment:
1Ô∏è‚É£ Raise the price of OptiRisk üí∞
2Ô∏è‚É£ Share profits once you‚Äôre profitable üìà

Like it. Drop a 1 or 2. Let‚Äôs make it happen. 

$SPY $QQQ $TSLA $AAPL $NVDA $MSFT $META $GOOGL https://t.co/EhlPdbqMJJ"
1757744568768897458,False,2024-02-14 12:32:17,en,3401,573,706692.0,"Never forget, this time it‚Äôs different. $NVDA https://t.co/8r6QOa2f1Y"
1828787801036595276,False,2024-08-28 13:32:43,en,4631,744,1172114.0,"If your third largest customer is committing fraud, is that bullish???

Nvidia $NVDA
Super Micro Computer $SMCI https://t.co/pvwn1pFsPt"
1864023156136059035,False,2024-12-03 19:05:26,en,31,4,6846.0,Nice quarterly revenue build here...  $500 to $700 million in revs in 2025??  Wow.  $NVDA investment in $NBIS makes a ton of sense. https://t.co/p3eChE1XXq
1862516186723827809,False,2024-11-29 15:17:17,en,815,195,121937.0,"A List of Founder-Led Stocks UPDATED:

Automotive
$TSLA Tesla
$CVNA Carvana

AI &amp; Data Centers
$NVDA NVIDIA
$PLTR Palantir
$DELL Dell
$ORCL Oracle

FinTech
$HOOD Robinhood
$SQ Block/Square
$FOUR Shift4
$LMND Lemonade
$NU Nubank

Crypto
$COIN Coinbase
$MSTR MicroStrategy

Cloud https://t.co/AkVtI0ixZJ"
1815015220462424322,False,2024-07-21 13:25:24,en,10726,1480,647801.0,It's easier to copy $MSTR than $NVDA. https://t.co/jaGLy8S5L3
1865063384233791783,False,2024-12-06 15:58:56,en,16,1,2850.0,"üë∫

$NVDA 

SHORT. https://t.co/L5cEXxDE2e"
1862538999912415302,False,2024-11-29 16:47:56,en,3438,474,476522.0,"NANCY PELOSI UPDATED PORTFOLIO

Top 5 positions:

$NVDA $AAPL $AVGO $GOOGL $PANW

Chips, iPhones, Search &amp; Cybersecurity. https://t.co/FhGChkPfjK"
1862507297781559512,False,2024-11-29 14:41:58,en,25,10,4275.0,"My 2025 Playbook üßê

$SMCI: +242%
$NVDA: +234%
$AMD: +124%
$AVGO: +98%
$MU: +69%

For this next stage, I'm betting on the companies that will harness AI‚Äôs power to create innovative tools and platforms: $PLTR, $AIFU, $SNOW, $BGM $CRWD, $TSLA, $MDB, $NET. https://t.co/JFThXx7RX1"
1865486291854364987,False,2024-12-07 19:59:25,en,16,4,1358.0,"If you bought $ NVDA every time it hit an RSI of 30 and sold it the next time RSI hit 70, you would've lost money since 2002.

If you did the opposite, and bought at an RSI of 70 and sold at an RSI of 30, you would've outperformed $NVDA itself. https://t.co/pinUkNAcnZ"
1865544392397705516,False,2024-12-07 23:50:17,en,50,5,5360.0,"5 YEAR PERFORMANCE 

$ETH +2594%
$BTC +1223%

$ETH is over double the performance of $BTC over 5 years

- People believed $ETH was slow
- Frustrating 
- Never going to recover

$NVDA +2585% 5 YEAR PERFORMANCE 

$ETH and $NVDA have been performing identically over the last 2 years https://t.co/XacX7pycg1"
1863360597380784172,False,2024-12-01 23:12:40,en,13,1,4599.0,"Loss porn from June 20

$NVDA &amp; $MSTR

Make me famous on X

16.7K on 
https://t.co/2BUTVzuqVP https://t.co/1PEHEWrb7H"
1864838582025753087,False,2024-12-06 01:05:39,en,2731,239,273455.0,Is $TSLA about to have its $NVDA moment ? https://t.co/i50D1r7QJd
1863960148550521135,False,2024-12-03 14:55:04,en,419,54,103553.0,$NVDA $17M+ of BULLISH premium between these 4 orders üò± https://t.co/8gohSr7a4E
1865262752555766228,False,2024-12-07 05:11:09,en,22,1,2141.0,"$NVDA shrank and it is now less than 50% of portfolio, down from 58% in Oct '24. 

Zero trades &amp; trim.  

$TSLA $PLTR $RKLB $AMZN $SHOP üöÄ while $NVDA going sideways .... market rally has broaden, which is a good thing.   

YTD +99.5% https://t.co/wg7A6pnnpV"
1862848512888844740,False,2024-11-30 13:17:50,en,1205,273,164853.0,"Here are the top 15 growth performers so far in 2024  üßê  

1. $APP +745%
2. $RKLB +393%
3. $CVNA +392%
4. $ASTS +295%
5. $PLTR +291%
6. $SG +263%
7. $HIMS +262%
8. $CAVA +228%
9. $LMND +222%
10. $HOOD +195%
11. $IONQ +195%
12. $SE +181%
13. $NVDA +179%
14. $EOSE +171%
15. $SPOT https://t.co/XWt8Na6RVF"
1864089330622271777,False,2024-12-03 23:28:24,en,14,1,3921.0,STRONGLY agree with the this sentiment. $NVDA https://t.co/XgZhBv022W
1864393085272359401,False,2024-12-04 19:35:24,en,165,9,13226.0,$NVDA POSSIBLE 5 WAVE UP. https://t.co/ArxUCpdoXU
1864286029345378446,False,2024-12-04 12:30:00,en,15,11,3425.0,"$ILLR GET TO KNOW THE TRILLER BRANDS
MOST UNDERVALUED SOCIAL MEDIA COMPANY
A TRUE INDUSTRY DISRUPTOR!

$META $DJT $GOOG $SNAP $PINS $NFLX $AMZN $NVDA $RDDT $SVMH $AMBO $VSTE $TANH $VIRX $BNRG $ZJK $XCUR $AGRI $HTOO $HRTX $TSLA $CNEY
#talkcapabilities @triller_IR  @TheWingFai https://t.co/JjI5DO5XjI"
1865065444962656498,False,2024-12-06 16:07:07,en,159,10,29798.0,"$NVDA couldn't blow past the trendline, so here's wave 2. https://t.co/TgkiK95L49"
1865440017881198858,False,2024-12-07 16:55:33,en,12,1,930.0,"Check out my untouched chart of leveraged Tesla ETF $TSLL

$TSLA $SPY $QQQ $NVDA $PLTR https://t.co/BXBemeByr9"
1865523647802417585,False,2024-12-07 22:27:52,en,50,8,4325.0,"Index investing is one of the best options for most people, but the returns look silly comparing to concentration assuming the picks are good. 

$NVDA https://t.co/IbiNMD9VPV"
1865427761159979203,False,2024-12-07 16:06:50,en,9,2,645.0,"Take 15 minutes and do your due diligence on Power Nickel this weekend!

This is a STOCK IN FOCUS that has traders from $PLTR and $SOFI buzzing.

üá®üá¶ $PNPN üá∫üá∏ $PNPNF

#StocksToWatch $RIO $AGI $GOLD $GLD $MARA $MSTR $DIS $LULU $NVDA $SMCI $TARA https://t.co/SsFlXYcODm"
1803422221655838735,False,2024-06-19 13:38:58,en,19287,5777,199565.0,"üö®BREAKING: Nancy Pelosi has now made +$5,000,000 off her $NVDA, Nvidia options.

She is up +230% in 210 days &amp; still not sold her calls.  Pelosi has made TWENTY times her salary.

Do you agree Pelosi should be arrested for insider trading? https://t.co/9Vj9D29vct"
1863670116463816709,False,2024-12-02 19:42:35,en,11,1,2420.0,$NVDA see if this is the start of something bigger. https://t.co/KmqqFrKuqQ
1865418993495933184,False,2024-12-07 15:32:00,en,9,3,1224.0,"DON'T FOMO INTO $PLTR üö® üõë 

We've almost 10x'd this play now üí∞üî• but wait for a pullback before you make an entry ‚ÄºÔ∏è 

$TSLA $NVDA $GME $U $SPY https://t.co/mEgglKK0ct"
1865382897513091474,False,2024-12-07 13:08:34,en,561,115,69629.0,"Here are the top 15 growth performers so far in 2024  üßê  

1. $APP +908%
2. $CVNA +374%
3. $RKLB +346%
4. $PLTR +345%
5. $ASTS +320%
6. $HIMS +285%
7. $SG +272%
8. $CAVA +270%
9. $HOOD +227%
10. $IONQ +206%
11. $EOSE +194%
12. $LMND +191%
13. $NVDA +188%
14. $SE +187%
15. $AXON https://t.co/HFpJfvlZ67"
1864035974160028034,False,2024-12-03 19:56:23,en,78,4,4319.0,It‚Äôs time for $NVDA to shine again https://t.co/lqNeEYRAW1
1793376517239746918,False,2024-05-22 20:20:55,en,5567,1184,1722751.0,"NVIDIA $NVDA JUST REPORTED EARNINGS

EPS of $6.12 beating expectations of $5.58
Revenue of $26B beating expectations of $24.59B

NVIDIA ALSO JUST ANNOUNCED A NEW 10:1 STOCK SPLIT

 https://t.co/6v2yJNa3dM"
1865521255350415636,False,2024-12-07 22:18:21,en,115,12,9051.0,"HOW TO EXIT A TRADE

1. MA CROSSOVER 

- 8/21 13/48 or 50/200

2. BREAK OF MA 

- Use the 8 or 13 Full candle close on the 5 min timeframe 

3. BREAK OF TRENDLINE 

- Works on all timeframes 

4. BREAK OF STRUCTURE

- Break of Bullish or Bearish Structure

$SPY $SPX $QQQ $NVDA https://t.co/1e0LpLCBaT"
1865543066234331580,False,2024-12-07 23:45:01,en,2,1,51.0,"Nvidia is responsible for 20% of the index‚Äôs total returns over the past year.

The implication?

The broad market is susceptible to big swings when a giant stock like $NVDA moves.

For important information, visit https://t.co/SggUUx5ZuR. https://t.co/2Vnm4IHnkg"
1864008906521169955,False,2024-12-03 18:08:49,en,271,18,38974.0,$NVDA following my path to 153. https://t.co/Jiw2YRD15i
1864376625405808714,False,2024-12-04 18:30:00,en,11,8,3834.0,"$ILLR:  Sean Kim is a major talent. He was head of TikTok product, some say the architect of TikTok!

Now #Triller CEO!     

GO #TRILLER!   APES HOLD STRONG!

$META $DJT $GOOG $SNAP $PINS $NFLX $AMZN $NVDA $TANH $HTOO $SOAR $TSLA $PSTG $ZJK $SVMH $XCUR $HRTX
@triller_IR @jctb1 https://t.co/5Lbdcu0wvK"
1865038485981118612,False,2024-12-06 14:20:00,en,4,2,1966.0,"$ILLR A TRUE DISRUPTOR
‚Ä¢ Multi-Billionaire backed
‚Ä¢strong team/promising future
‚Ä¢ $400B industry
‚Ä¢ 8B addressable market participants

$META $DJT $GOOG $SNAP $PINS $NFLX $AMZN $NVDA $SHIM $UAVS $SOAR $CTXR $CTNT $TSLA $RGTI #talkcapabilities
@triller_IR @TheWingFai @jctb1 https://t.co/JrkWIX7S3n"
1864391306681700722,False,2024-12-04 19:28:20,en,152,10,22454.0,$NVDA #NVDA Quite the volume shelf setup forming on the weekly candle chart. https://t.co/Jw43WtKcB7
1864345568211779749,False,2024-12-04 16:26:35,en,122,10,13916.0,$NVDA Trying to breakout above the 21 day........ https://t.co/ktkAOAdgwp
1864749704061362488,False,2024-12-05 19:12:29,en,6,0,2341.0,Huge $NVDA SURGE COMING SOON SAYS TOP INVESTOR üòà‚è∞üìà https://t.co/Cw3kfUsm6A
1865782136059711888,False,2024-12-08 15:35:00,en,139,7,17937.0,"$NVDA #NVDA Not the best action on Friday, but the weekly candle setup still hows a volume shelf setup into next week. https://t.co/PrRhaNskDq"
1865832291513012452,False,2024-12-08 18:54:18,en,22,0,2645.0,"$NVDA requests

Not done yet, failed to displace lower/below old lows 

131 key level bulls want to defend

That holds, look for another higher high 

This looks like text book w4 consolidation‚Ä¶

Rally coming soon me thinks https://t.co/T5IJbtuFoY"
1865584585242759621,False,2024-12-08 02:30:00,en,17,3,3318.0,NVIDIA $NVDA Stock Price Prediction | Ready for Monday? https://t.co/C36c7S7VH6
1865784336244527317,False,2024-12-08 15:43:45,en,50,0,3447.0,$NVDA - Despite this was an up week it looks like the correction that started 2 weeks ago isn't finished. The TSI hasn't generated a bullish crossover yet. I think that it's likely to decline to the 20 week MA before it's ready to make a new all time high again. https://t.co/G3G3eoMyxH
1865750680142508498,False,2024-12-08 13:30:00,en,205,7,30833.0,GM to everyone except whoever wrote this article at Forbes. ü´†  $NVDA https://t.co/UwjOz20evR
1865571906335932667,False,2024-12-08 01:39:37,en,22,4,3368.0,I‚Äôll be honest I missed $NVDA but not $TSLA! Will you miss $LCID in 10 years? https://t.co/GPI21jTZjR
1865767649885515892,False,2024-12-08 14:37:26,en,45,11,2736.0,"$NVDA Bullish MACD Sign in the Daily: 
Anyway price action is weak considering the latest candle that validates a bearish doji star.

The 20 daily moving average is losing momentum, price has to bounce quickly to avoid a visit to 50DMA or even worse, a bearish 20 &amp; 50DMA https://t.co/zCCuLolKZF"
1865844257069617347,False,2024-12-08 19:41:51,en,0,0,,@Consequences23 Strong top 5  $WYNN $BA $NVDA $AMZN and $AVGO are all solid picks with great potential
1865844189705159001,False,2024-12-08 19:41:35,en,0,0,4.0,"Check out our subscriber alerts in our discord

Discord Link Here‚û° https://t.co/NBC9xD6OWb
  $MSFT $GOOGL $FB $NFLX $NUDA $AMD $BABA $NVDA $AAPL https://t.co/wQBVcNGFKx"
1865844107236540576,False,2024-12-08 19:41:15,en,1,0,30.0,"These look so elegant, I really want to have one

$shib $doge $nvda $floki $bnb $BTC $xrp $SOL $tsla #Solana #Bitcoin #Ethereum #bullrun #chillguy #rlusd #ai #nft"
1865844053058912395,False,2024-12-08 19:41:02,en,0,0,29.0,"Best stock trade Group out there!Free chatroom link bio!üí∏

https://t.co/oDTL2fl58m

$VIX $PGR $FFIE $GME $GWAV $AMC $SPY  $NVDA $AAPL $TSLA $DUO https://t.co/509NIdYQx2"
1865843981742928061,False,2024-12-08 19:40:45,en,0,0,43.0,"Best trading community, Get next winning alerts here:  Discord Link Here ‚û°Ô∏èhttps://t.co/NBC9xD6h6D

$TSLA $DJT $SPY $NVDA $MAXN $GME $QQQ $SCNI $HOLO $DAI $MARA $HOOD $MSTR $ROIT $AMZN https://t.co/EK39vUVWeW"
1865843833621114958,False,2024-12-08 19:40:10,en,0,0,40.0,"$SPX $SPY $AMZN $AAPL $AMD $FB $SHOP $BYND $NVDA $GOOGL $MSFT $TSLA
Was able to close it for a 100%profit.https://t.co/kppxXMQjN0 https://t.co/23Imd3HkBo"
1865843780428894418,False,2024-12-08 19:39:57,en,1,0,110.0,"Take a look at the suzuverse best nfts 

$BTC $xrp $bnb $SOL $doge $shib $floki $tsla $nvda #Bitcoin #Ethereum #bullrun #chillguy #rlusd #ai #nft"
1865843766453801290,False,2024-12-08 19:39:54,en,0,0,168.0,"As typical in every breakthrough tech cycle, there will surely be new demand at scale for $NVDA chips from ‚Äúunanticipated‚Äù markets."
1865843758857875478,False,2024-12-08 19:39:52,en,0,0,43.0,"EV metals demand is heating up, and Bolt Metals Corp. is perfectly positioned.
Nickel, copper, silver. üåé‚ö° $BOLT.CN $PCRCF

#tommavi $BTC #grandefratello #Culiac√°n #shailenzo #sstvi #WWERaw $META $NVDA #RHOBH $MARA #fishtanklive #DaiShun https://t.co/06vqNfcYMV"
1865843556385989049,False,2024-12-08 19:39:04,en,0,0,35.0,"Our successful trading alerts community:-

Discord Link Here ‚û°Ô∏èhttps://t.co/NBC9xD6h6D

$AAPL $VKTX $FFIE $AMC $GWAV $CRKN $SPY $GNS $HOLO $NVDA $CYN $BSFC https://t.co/NB5GpYCAtC"
1865843497535701438,False,2024-12-08 19:38:50,en,1,0,99.0,"$SABR Finding support in the $3.70‚Äôs range. Next gap up to $4 range

$AMC $GME $TOPS $UBER $AMD $PLUG $PLTR $PLUG  $SOUN $MARA $HOLO $RKLB $ACHR $GEVO SMR $RCAT $SOFI $RIVN $LUNR $LUMN $AMZN $NVDA $AAPL $MSFT $SOFI $NFLX $META $BTC https://t.co/0SH2lyCXLX"
1865843393676374231,False,2024-12-08 19:38:25,en,2,0,148.0,"Another amazing collection from suzuverse 

$bnb $BTC $shib $doge $floki $xrp $SOL $tsla $nvda #Solana #Bitcoin #Ethereum #bullrun #chillguy #rlusd #ai #nft"
1865843348352708920,False,2024-12-08 19:38:14,en,0,0,41.0,"Daily live streaming, real-time charting, mentoring, and training.. üìà

Discord Link Here ‚û°Ô∏èhttps://t.co/NBC9xD6h6D

$AAPL $VKTX $FFIE $AMC $GWAV $CRKN $SPY $GNS $HOLO $NVDA $CYN $BSFC https://t.co/aeHcgqZ9fw"
1865843288642883842,False,2024-12-08 19:38:00,en,0,0,94.0,"It's Wondrous! Bruh  , our pro analyst just bagged a crazy 140 % profit on $ZJK ! Come through to our Discord for a 14 day FREE Trial!  - https://t.co/0SWvJYCIBM - Claim your spot! $MSTR $BTC $NVDA $SQQQ $JASMY $SOUN $TSLA $XRP $SOXL $SWFTC https://t.co/mIkU1P80AZ"
1865843288600900042,False,2024-12-08 19:38:00,en,0,0,56.0,Zippy! Unlock gains like this  26 % boost on $CXAI ! Don‚Äôt sleep on it‚Äîgrab your 14 -day FREE trial now !  - https://t.co/3VNxm1kDi1 - Take the leap! $ILLR $TSLA $SOUN $SWFTC $JASMY $BTC $CYCN $SQQQ $NVDA $SOXL https://t.co/Reaod1BuOk
1865837099401806185,False,2024-12-08 19:13:24,en,79,3,3892.0,"I flash a bunch of charts at you to help you get ready for this week!  Here's  a quick look at $TSLA, $NVDA, $INTC, $AAPL, $MSFT and $GDX (for some precious metals insight).  Phew! https://t.co/RNCsopBxzk"
1865843110363709769,False,2024-12-08 19:37:17,en,13,4,740.0,"Quantum computing will supercharge blockchain, AI, and robotics = 1000x their current capabilities.

Based on the declining time between major tech, I'm predicting by 2026-28, mass quantum computing will begin adoption.

Watch $HON, $QUBT, $AMZN, $NVDA, $QBIT

 #QuantumPhysics https://t.co/rZtAXZpKxL"
1865743961614074067,False,2024-12-08 13:03:18,en,236,35,34725.0,"$NVDA $MSFT $CRM $TSLA We've broken down the revenue of Nvidia, Microsoft, Salesforce and Tesla. Which company do you think will deliver the biggest returns in the next 5 years? üìà https://t.co/Vt3EcWQFUO"
1865826321210720383,False,2024-12-08 18:30:35,en,3,1,241.0,"Nvidia is a $3.6T semiconductor disruptor that sells ""picks and shovels"" that power the current AI revolution! 

$NVDA is up 200% YTD ü§Ø

Here are 10 things you need to know about the company! üßµüëá https://t.co/G2CZBZNJ9i"
1863208694302880126,False,2024-12-01 13:09:04,en,70,24,17782.0,"25 Best $SPX Names of the Past 10 Years

How many have you owned?

$NVDA +27365%
$AMD +4817%
$TPL +3559%
$FICO +3216%
$BLDR +2927%
$AXON +2912%
$AVGO +2147%
$ANET +2040%
$TSLA +2017%
$NFLX +1691%
$FTNT +1624%
$NOW +1541%
$CDNS +1526%
$LLY +1313%
$MSCI +1306%
$CPRT +1295%
$CTAS https://t.co/d6l2kfEZLf"
1863592591066792185,False,2024-12-02 14:34:32,en,1156,198,197035.0,"Just in : Marjorie Taylor Greene MTG is on a buying spree

In the last week, she's disclosed up to $300K of new stock buys

Including $AMD, $NVDA, $MSFT, $SCHW, &amp; more

Will keep an eye on some of these from here https://t.co/MndOqYDt6a"
1865818169706754310,False,2024-12-08 17:58:11,en,3,1,490.0,"Nvidia CEO embodying the mantra of 'only the paranoid survive': 

$NVDA $INTC https://t.co/o1AvQL6yaQ"
1865779450195087404,False,2024-12-08 15:24:20,en,9,0,1293.0,"$NVDA

Same levels for the last two months, nothing has changed here. https://t.co/IqEIVGPC03"
1863259404147044748,False,2024-12-01 16:30:34,en,425,73,52976.0,"Portfolio Update (1 December 2024)

2024 YTD: +84.41%  

üìà FinTech (39%): $HOOD $AFRM $PAYO $PYPL $FOUR $SQ
‚ö°Ô∏è Nuclear Energy (15%): $BWXT $VST $SMR
üì¶ E-Commerce (9%): $AMZN $SHOP $GLBE
üìÄ Semis (8%): $NVDA
üöå EV (7%): $TSLA
ü§ñ AI Infrastructure &amp; Cloud (8%): $SNOW $DDOG $LITE https://t.co/8sLYtKRsTU"
1865796447330763217,False,2024-12-08 16:31:52,en,9,2,520.0,$AVGO - Got earnings coming up next week. This one has potential to get all the semi's moving big time like $NVDA $ALAB $ARM $AMD etc https://t.co/8yqsvl6JHp
1864766003764248875,False,2024-12-05 20:17:15,en,20,5,2914.0,"JUST IN: Elon Musk's xAI raises $6 Billion in equity financing.

This could be used to execute plans to take Memphis supercomputer from 100K to 1 Million GPUs! $NVDA https://t.co/GhD8dOFNkz"
1865844379153236349,False,2024-12-08 19:42:20,en,0,0,,"If I could, I‚Äôd get the whole collection, they‚Äôre just perfect go and buy one 

$tsla $floki $doge $xrp $SOL $shib $bnb $BTC $nvda #Ethereum #Solana #Bitcoin #bullrun #chillguy #rlusd #ai #nft"
1865844373004624293,False,2024-12-08 19:42:18,en,0,0,,"@group_clb $TSLA $NVDA $AMZN in my trading account

In long term account I don‚Äôt sell CCs on these stocks"
1865502797161959467,False,2024-12-07 21:05:00,en,2,1,552.0,"America is leading the way in AI, and it‚Äôs no coincidence‚Äîyou can‚Äôt spell ‚ÄúAmerica‚Äù without ‚ÄúAI.‚Äù Turns out, we‚Äôve been planning this all along. üá∫üá∏ü§ñ #AIleadership #MerAIca

$NVDA $PLTR $TSLA $MSFT https://t.co/eKqVQ1Glc6"
1865103051687891039,False,2024-12-06 18:36:34,en,4,2,2071.0,"$ILLR ALL BUSINESS-- #TIKTOK IS HEAED FOR A BAN
DIAMOND HANDS BABY!! 
IT'S GONNA BE HUGE!  #Triller
This is just the beginning--diamond hands.

$META $DJT $GOOG $SNAP $PINS $NFLX $AMZN $NVDA $UAVS $ALBT $SMX $PPBT $TSLA $UAMY  $ASAN $GXAI $TNMG $UPC
@triller_IR @TheWingFai
@jctb1 https://t.co/hks60DGm8G"
1808491044905926848,False,2024-07-03 13:20:39,en,18436,3073,6284926.0,"BREAKINGüö®: Pelosi is back on the Trading Desk

She just bought ~$5M of Broadcom $AVGO and another $1.2M of Nvidia $NVDA

She also sold ~$500K of Tesla and ~$536K of Visa $V https://t.co/RGQoG4oW3F"
1864404783953793067,False,2024-12-04 20:21:54,en,112,12,9129.0,"$NVDA carrying semis once again üöÄüöÄ

I‚Äôm seeing $175 by the end of the year‚Ä¶

Who else is bullish? https://t.co/wSRauwI0C2"
1864421958344995145,False,2024-12-04 21:30:08,en,103,7,10648.0,$NVDA Possibly 5 wave setup? https://t.co/7AoykT2jyr
1781719390825910557,False,2024-04-20 16:19:40,en,12778,393,2705011.0,"lol some kid on Reddit turned $800 into $100,000 in a day by gambling on some short-dated, out-of-the-money $NVDA puts. https://t.co/MUw7HGIL5u"
1863656598301724834,False,2024-12-02 18:48:52,en,391,38,146244.0,$NVDA 135p - WAT??? https://t.co/c57ZYadSBR
1865826177539014828,False,2024-12-08 18:30:00,en,227,20,19831.0,"Probably one of the best sector ETF setups around right now.

$SMH Top Holdings:

‚Ä¢ $NVDA 22.81%
‚Ä¢ $TSM 12.98%
‚Ä¢ $AVGO 7.50%
‚Ä¢ $AMD 4.41%
‚Ä¢ $TXN 4.31% https://t.co/chfTSuOZQx"
1865842212778422285,False,2024-12-08 19:33:43,en,11,2,852.0,"We‚Äôve built an Unusual Options Activity Dashboard that can alert stock moves before they go parabolic üöÄ

Stocks like $TSLA, $AAPL, $NVDA, $COIN, ETC‚Ä¶ 

Like + Follow &amp; Turn on Post Notifications üì£ 

Comment or DM the word ‚ÄúFLOW‚Äù for more information! ‚ù§Ô∏è

Check the thread üßµ üëá https://t.co/QZAjas9U5K"
1863593932925362467,False,2024-12-02 14:39:52,en,45,6,11262.0,"$AAPL is my #1 Mag7 stock into year-end - it should play catchup to the leaders

$NVDA +180.3% YTD
$META +65.3%
$TSLA +44.0%
$AMZN +39.3%
$AAPL +24.9%
$GOOGL +21.9%
$MSFT +13.8% https://t.co/OyQ1tu6lcq"
1865844546887983461,False,2024-12-08 19:43:00,en,0,0,,"It's Zinging! Get massive gains like this  72 % profit on $MTC , no cap ! Try it out for FREE with our 14 day FREE Trial!  - https://t.co/EZPVCHVoEM - Stay tuned! $CYCN $SOXL $ILLR $NVDA $BTC $GNS $XRP $SQQQ $TSLA $SOUN https://t.co/fJxTB5G3nG"
1865844546871189691,False,2024-12-08 19:43:00,en,0,0,,It's pure Joy! Just nailed a  35 % gain on $SNAP for our crew ! Get in on these fire alerts with a 14 -day FREE trial . Don‚Äôt miss out  - https://t.co/9jUGjRudw1 - Sign on! $SQQQ $SOUN $SOXL $CYCN $JASMY $GNS $TSLA $BTC $XRP $NVDA https://t.co/qZjTEc4gkF
1865844546871148690,False,2024-12-08 19:43:00,en,0,0,,"It's Lovely! Yo  , our analyst just pulled a wild 101 % profit on $QBTS !  - https://t.co/0SWvJYCIBM - Come in! $SQQQ $ILLR $TSLA $SOUN $XRP $MSTR $JASMY $MRVL $SOXL $NVDA https://t.co/yTwwqkgoAm"
1865844546783064550,False,2024-12-08 19:43:00,en,0,0,,"All right! The PUMP on  $RGC was called by our analyst , securing our FREE trial members 46 % in PROFITS !  - https://t.co/3VNxm1kDi1 - Be included! $BTC $SQQQ $SOXL $TSLA $ILLR $CYCN $MRVL $NVDA $GNS $XRP https://t.co/euxokQmO5S"
1865844546719846719,False,2024-12-08 19:43:00,en,0,0,,"Watching $IWM like a hawk this week 

Let's see that break over $241.36 

$SPY $SPX $QQQ $TSLA $NVDA $ARM $AMD $TSM $SMCI $PLTR $AAPL $MSFT $COIN $MSTR $BABA https://t.co/npDKWMYFZv"
1864689068858122551,False,2024-12-05 15:11:32,en,4,1,1507.0,$NVDA It's possible. https://t.co/mHzLujwYJ6
1865844577355386995,False,2024-12-08 19:43:07,en,0,0,,"Join the world's best stock market trading hereüìäüí∏ü§ëüëå

Discord Link Here https://t.co/vgjGTHaWDU

$SPX $SPY $AMZN $AAPL $AMD $FB $SHOP $BYND $NVDA $GOOGL $MSFT $TSLA https://t.co/HvfePPw6iE"
1865919493400084642,False,2024-12-09 00:40:48,en,571,78,70041.0,"$NVDA is setting up for an extremely bullish end of year rally.

The last time NVDA had a setup like this was 6 months ago which is when it ran from $75 to $140 in 5 weeks.

This time it looks even better and bigger.

$210+ incoming for $NVDA by March 2025.

Don‚Äôt miss the move‚Ä¶ https://t.co/Dym1tBGxOP"
1866087965354553775,False,2024-12-09 11:50:15,en,547,150,117853.0,"‚ö†Ô∏èBREAKING:

*CHINA PROBES NVIDIA ON SUSPICION OF ANTI-MONOPOLY LAW BREACHES

$NVDA üá®üá≥ https://t.co/Evbzcbrd2J"
1865927849745559981,False,2024-12-09 01:14:01,en,300,37,32342.0,"$NVDA Rinse &amp; Repeat.. Here we go again

As long as $NVDA holds this demand at 135-140, I am EXTREMELY BULLISH back to all time highs then 160

160 is the target if we hold this zone
Your risk? Below the cloud. It is that easy

SEMIS all looking HOT $NVDA $SMCI $MU https://t.co/YAR9Jn9Cid"
1866159053820281110,False,2024-12-09 16:32:44,en,30,2,2164.0,"$NVDA  this is going to be a good ride man 

Once it clears 138 into 144 again it‚Äôs going to shoot this time this time it will go to all time highs 150+ 

You could change your life in the next few weeks"
1866144909742289261,False,2024-12-09 15:36:32,en,89,1,20947.0,$NVDA right shoulder confirmed üíØ https://t.co/FLEs4SFyBS
1866130894035337541,False,2024-12-09 14:40:50,en,307,13,71664.0,"$NVDA

I just grabbed the December 20 $140 calls

Not financial advice! https://t.co/zb1S8Rs4lK"
1865916773910114636,False,2024-12-09 00:30:00,en,851,94,98315.0,Time for the king to jump back in the driver‚Äôs seat this week? üëë $NVDA https://t.co/GtxCsxSLna
1865904436150931802,False,2024-12-08 23:40:59,en,40,7,19450.0,"Lets assign the Palantirs $PLTR P/E of 386 to a few stocks‚Ä¶

$GOOG Stock would be $2,910
$NVDA Stock would be $980
$SMCI Stock would be $774
$F One of the worst stocks ever would be $338, not $10.50 ü§¶‚Äç‚ôÇÔ∏è https://t.co/fQsZQRZo6P"
1866122012412035266,False,2024-12-09 14:05:33,en,190,9,24437.0,"This is weird to say, but $NVDA has not done anything for 7 months now since May relative to the $QQQ.

Flat like a pancake."
1866095330443301334,False,2024-12-09 12:19:31,en,109,14,15550.0,"$NVDA down -2%+ on China anti monopoly investigation, someone knew on Friday. https://t.co/LjKeKvy0gJ"
1866093022875906064,False,2024-12-09 12:10:21,en,35,2,10284.0,$NVDA I‚Äôve seen this movie before‚Ä¶ https://t.co/X0tOPBA4GI
1866150427777232943,False,2024-12-09 15:58:28,en,102,5,27452.0,"$NVDA

I just added more to the December 20 $140 calls

Not financial advice! https://t.co/r9VXIsP2dH"
1866170065747337456,False,2024-12-09 17:16:30,en,0,0,,Who‚Äôs buying the $NVDA dip on the China news?
1866170063268827540,False,2024-12-09 17:16:29,en,0,0,,"$SPY $SPX $TSLA $NVDA $QQQ $DIA $DJT $MARA $BTC $DXY $XRP $GLD and here I come with the bear pattern again on $SPY. I told you I would be back. I have officially entered a short position with $SPY puts 12/12/24. Going to be swinging, looking for a big dump. https://t.co/vijgdlPUu1"
1866170045157777505,False,2024-12-09 17:16:25,en,0,0,,"$NVDA  GUYS, Don't miss the Next move In a few hour.
https://t.co/6O1pnGIzdx"
1866170044956156141,False,2024-12-09 17:16:25,en,0,0,1.0,$NVDA is down 2.76% todayüìâüìâ
1866170026539307381,False,2024-12-09 17:16:20,en,0,0,8.0,"Our profitable trading community:-

Discord Link Here ‚û°Ô∏èhttps://t.co/kuJ1UZ0qxs

$AAPL $VKTX $FFIE $AMC $GWAV $CRKN $SPY $GNS $HOLO $NVDA $CYN $BSFC https://t.co/aYBHDbuZi7"
1866170018956005440,False,2024-12-09 17:16:18,en,0,0,31.0,"These stocks are moving the most today: $SMCI +4.6%, $TSLA -1.5%, $NVDA -2.7%, $AMD -4%, $PLTR -5%, $RIVN +12.4%, $ASTS +6.5%, $NWL +10.5%, 

$CMCSA -9.3% [on pace for largest percent decrease since April], 

$HSY +14.4% [on pace for largest percent increase since July 2020],"
1866169985380270346,False,2024-12-09 17:16:10,en,0,0,13.0,"$NVDA antitrust probe by China ‚ÄúAll Speculative‚Äù 
Buy the dip"
1866169948630126877,False,2024-12-09 17:16:02,en,0,0,17.0,"Best trading community'üí∏üìäüëåüì¢

https://t.co/6tiI0H9zO2

$SPY $TSLA $SHOP $AMZN $NVDA $ROKU $EBAY $BB https://t.co/lo2X0p15lI"
1866169938274029569,False,2024-12-09 17:15:59,en,2,0,73.0,"$APP $PLTR these seem more like extensions then climax tops. Throw in extensions in $RDDT &amp; $TSLA, break down in $CAVA, and $NVDA back at 50sma looking shaky I‚Äôd say it‚Äôs time to get cautious on new buys and to just manage my positions. I trimmed RDDT today and booked CCJ while I https://t.co/mDFjXlYCrT"
1866169914228428897,False,2024-12-09 17:15:53,en,1,0,38.0,"$NVDA  Nvidia and Semis are due for a massive 50+% rally.  Software stocks $IGV have gotten extremely frothy. üëÄ

$SMCI $SMHX $SOXX $SOXQ $SOXL $FTXL $XSD $DDOG $CRM $NOW $CDNS $SNOW $ORCL $ADBE $CRWD $WDAY $ADSK #Nvidia #Blackwell #Supermicro @nvidia @Supermicro_SMCI https://t.co/CXj9MSt3As"
1866169902547292185,False,2024-12-09 17:15:51,en,0,0,9.0,$NVDA Analyst price target for today‚òûüéóÔ∏è&lt; https://t.co/PbNX89MeQr
1866169814647194083,False,2024-12-09 17:15:30,en,0,0,28.0,"Our free stock trading Discord:-

Discord Link Here ‚û°Ô∏èhttps://t.co/kuJ1UZ0qxs

$AAPL $VKTX $FFIE $AMC $GWAV $CRKN $SPY $GNS $HOLO $NVDA $CYN $BSFC $MULN https://t.co/xTGbJO4VGf"
1866169704005718040,False,2024-12-09 17:15:03,en,0,0,91.0,"$MSTR to $325 by February 14, 2025

$MARA to $20 by February 14,  2025

#stocks #options #futures $es $spx $nyse $nq $qqq $mstr $mara $nvda $amzn $amd $crwd $meta $tsla #calls #puts #invest https://t.co/EZHZ0Fcj4P"
1866169606706192764,False,2024-12-09 17:14:40,en,0,0,49.0,"Our free stock trading Discord:-

Discord Link Here ‚û°Ô∏èhttps://t.co/kuJ1UZ0qxs

$AAPL $VKTX $FFIE $AMC $GWAV $CRKN $SPY $GNS $HOLO $NVDA $CYN $BSFC $MULN https://t.co/DZ2ZeNDHL8"
1866137153090244895,False,2024-12-09 15:05:43,en,22,1,974.0,"2+ Year uptrend being tested today by Nvidia $NVDA

will it hold? https://t.co/YvmstC5Ono"
1866148426590699741,False,2024-12-09 15:50:30,en,7,0,840.0,$NVDA 50MA in play here. Has been imp historically. https://t.co/Pqd7WKX32W
1865927506446200897,False,2024-12-09 01:12:39,en,129,23,14045.0,"Why does $SMCI actually look BULLISH again?

Regardless of the companies current status, I would be crazy to not risk some here going long on $SMCI to $60

Breaking out of a downtrend of consolidation on high volume. SEMIs are all looking like great setups $NVDA $MU $TSM https://t.co/7utnbIXcde"
1865942946295456008,False,2024-12-09 02:14:00,en,225,22,25208.0,"$NVDA ONCE IN A LIFETIME MASSIVE Fibonacci Pyramid SETUP (WATCH for PULL BACKS)

Buys: 129.77 to 134.22 Target 160üéØ

LOW risk HIGH reward setup I entered into some calls and will add more

Drop a LIKE if you want it all here for free on X (see my guide below on automation) https://t.co/sbhX3pQI57"
1866145882384511338,False,2024-12-09 15:40:24,en,8,1,6685.0,$NVDA quietly losing it's 50D SMA üëÄ https://t.co/sO6bMYdLPu
1866112369757163739,False,2024-12-09 13:27:14,en,91,13,6897.0,"Serve Robotics $SERV setting up nicely...

$650 million robotics company. 

Partnered with Uber Eats $UBER, Shake Shack $SHAK, 7-Eleven, and Magna International $MGA. 

Backed by Nvidia $NVDA. The AI giant disclosed a stake in the company over the summer. 

The news triggered a https://t.co/AwU9PAcd7q"
1866111707422335031,False,2024-12-09 13:24:36,en,31,6,762.0,I got $160k invested in $AABB you better believe we got a kick ass Christmas tree. 2025 will rock. #OTC #GOLD #SILVER #CRYPTO #BITCOIN $NEM $RIO $GOLD $AAPL $META $DIS $COIN $MARA $RIOT $AMC $GME $NVDA $GOOG $XOM $CVX $NTDOY https://t.co/w4EzvrwQkr
1866168863240704302,False,2024-12-09 17:11:43,en,7,0,399.0,"Sold $NVDA put:

- 1/10/25 $125p

‚úÖ Premium: $167 https://t.co/HA5UjO4qAS"
1866150819965395109,False,2024-12-09 16:00:01,en,7,5,1072.0,"$ILLR GUARANTEE YOU WILL BE KICKING YOURSELF IF YOU MISS THIS RUN
‚Ä¢A REVOLUTION IS HERE

$META $DJT $GOOG $SNAP $PINS $NFLX $AMZN $NVDA $MFH $RDDT $CNEY $MRM $ZEO $DUO $IPHA $RIME $SATL $WLGS $RGTI $TLF
@triller_IR
#talkcapabilities
 @triller @TheWingFai
 @TheNotoriousMMA @jctb1 https://t.co/E980r256Zk"
1866128746509394143,False,2024-12-09 14:32:18,en,5,1,645.0,$NVDA daily poss H&amp;S 133.85 n/l https://t.co/5ayq1qww91
1865918707345551821,False,2024-12-09 00:37:41,en,15,3,1868.0,"$amd for some reason people keep requesting this stock, it‚Äôs just a shit hole,

Anyways, the falling wedge continues, I don‚Äôt really touch this stock but if you really want to wait for 144 to break and hold for calls confirmation!

$spy $spx $qqq $tsla $nvda $meta https://t.co/zazkhdOnmy"
1866157264408617218,False,2024-12-09 16:25:38,en,4,1,825.0,"$AMD that weekly line üöÄ
Buy $AMD 02.21.2025 Call $170 at 2.05

NFA
$AVGO $NVDA $DELL $IBM $SPY $QQQ https://t.co/QVFD5CuPeW"
1865853873711370279,False,2024-12-08 20:20:04,en,279,18,47032.0,Ross Gerber said that selling $TSLA and buying $NVDA was an easy trade üòÇüòÇüòÇüòÇ https://t.co/6NTDeTFik6
1866159490116035035,False,2024-12-09 16:34:28,en,2,1,268.0,"$nvda being investigated by china for being a monopoly, u buying the dip? https://t.co/bS5diwTDsg"
1866137456468504813,False,2024-12-09 15:06:55,en,5,1,394.0,"$ILLR üóìÔ∏è Investor Day Is Coming! üóìÔ∏è

$ILLR is Hosting an Exclusive Investor Day Event this 
December 18, 2024!

#triller #talkcapabilities $SNAP $PINS $NFLX $AMZN $NVDA $GNPX $CCTG https://t.co/TBG4zEiJUF"
1863014681847157096,False,2024-12-01 00:18:07,en,47,6,9336.0,"üö®BREAKING: Trump nominated Kash Patel as Director of The FBI!

Nancy Pelosi: Hurry up and buy $NVDA Paul. Kash is coming for us. https://t.co/U5xHRSI6EP"
1866104997152498031,False,2024-12-09 12:57:56,en,10,2,1419.0,"Good morning X!  Let‚Äôs kill the day! Monday has arrived!

Ring the bell. 

$NVDA $MSFT $LLY $TSM $WING $MCK $COST $NFLX $MU $AVGO $PINS $CMG $CRWD $QCOM $CL $AAPL $GOOG $AMZN $LULU $ELF $ROKU $AMD  $GME $AMC $SIRI $FFIE $TSLA $SOUN $DJT $RUM https://t.co/fwVRQpLeoU"
1866106348682744053,False,2024-12-09 13:03:18,en,6,0,614.0,$RXRX Alerts üö® popping on my screen this morning $NVDA invested a while back and it‚Äôs been quiet for a while .. Buzzwords: TechBio &amp; AI ‚úÖ ü§† https://t.co/13tFqEhEYf
1823530468840759486,False,2024-08-14 01:21:57,en,7990,1659,1111529.0,"People who still think AI is hype, you just dont get it. 

Listen to Eric Schmidt's exmples to understand how powerful it is. 

Don't assume you are smarter than Elon, Mark, Jensen, Eric S, etc. $NVDA

 https://t.co/g0keDskfbs"
1865921765408420302,False,2024-12-09 00:49:50,en,5,0,2589.0,$NVDA buyback üëÄ https://t.co/C9w6MJYjLY
1866540935502336359,False,2024-12-10 17:50:12,en,235,18,17064.0,Me and the Retards showing up to buy $NVDA https://t.co/ttC2cWhFBp
1866260080364257779,False,2024-12-09 23:14:11,en,249,26,33123.0,"$NVDA

4h Chart

I'm going to enjoy my tea ‚òïÔ∏è while I watch $NVDA climb back to $150 üç™üòã https://t.co/Sjwxo2PWXp"
1866543251328561494,False,2024-12-10 17:59:24,en,263,18,35414.0,Holding on for dear life. ü´£  $NVDA https://t.co/Px9BFBsEuC
1866494956350947493,False,2024-12-10 14:47:30,en,229,24,31453.0,"$NVDA after a 2.5 week consolidation, it's almost ready for a move back up to 148+... I'd stay bullish if NVDA holds 140 after CPI data tomorrow

NVDA to 170+ in play by January üìà https://t.co/3l2nTYBYAL"
1866547269618544756,False,2024-12-10 18:15:22,en,78,6,10510.0,Me to everyone who asked for a dip in $NVDA https://t.co/cwheQbLoKu
1866567431034114277,False,2024-12-10 19:35:29,en,30,1,1965.0,$NVDA Back to the box. https://t.co/IfFtooMqbU
1866568179876585978,False,2024-12-10 19:38:27,en,40,3,3353.0,$NVDA #NVDA Worth at least being aware of. https://t.co/LQuZ4UWkk7
1866549783072215544,False,2024-12-10 18:25:21,en,127,3,19225.0,"$NVDA Notable mini head and shoulders forming. Also trading below the 50dma.

Bulls need to mush right here right now. https://t.co/xoN50jran1"
1866516790584484197,False,2024-12-10 16:14:15,en,63,4,10094.0,$NVDA not looking great. https://t.co/ibnUYjLy1t
1866184245158563918,False,2024-12-09 18:12:50,en,42,9,20801.0,"$NVDA long with stop low of day, probably a good idea..... https://t.co/Z6LTbKwgMn"
1866519683643417074,False,2024-12-10 16:25:45,en,48,5,7147.0,"$NVDA likely ending diagonal.
After that Reeeeee https://t.co/0YWRYjE4Vl"
1866511158594937338,False,2024-12-10 15:51:52,en,22,1,3726.0,$NVDA TODAY - 15 MINUTES OF BLISS FOLLOWED BY AN HOUR OF HEARTACHE.... https://t.co/FavbVy07oP
1866321447544877559,False,2024-12-10 03:18:02,en,38,3,6014.0,$NVDA TOP CONFIRMED ü´†üìâüò≥ https://t.co/9dLITq3FQQ
1866478746011832570,False,2024-12-10 13:43:05,en,773,59,85976.0,"$GOOG - introducing the quantum supercomputer.

$NVDA - we‚Äôre gonna do something similar.

$TSLA - we‚Äôre onto them as well.

$MSFT - don‚Äôt forget about us, we are good at copying others.

$AAPL - hi, we have a 4th camera on our new iPhone 17 S Pro Max 2.0 Founder‚Äôs Edition. We https://t.co/sm2KfAszUs"
1866569100975292916,False,2024-12-10 19:42:07,en,0,0,,@marcoFonty78 $NVDA‚Äôs moves are wild right now! It‚Äôs tough to keep up with the volatility.
1866568967466127396,False,2024-12-10 19:41:35,en,0,0,3.0,@El_Cid_Owneador @freedomnova44 @garyblack00 Agreed $NVDA's long-term growth is key. Quarterly updates matter more
1866568903415230798,False,2024-12-10 19:41:20,en,0,0,72.0,All in Short #ES_F #NQ_F #YM_F $SPX $SPY $QQQ $DIA $AAPL $MSFT $AMZN $GOOGL $META $NFLX $NVDA $TSM $AVGO $TSLA $MSTR $COIN $UNH $HD $CAT $JPM $BAC $GS $BRK
1866568809047560266,False,2024-12-10 19:40:57,en,0,0,31.0,"üéØüéØüéØ

As metals dip, $BOLT.CN $PCRCF steadies above 0.20 and 100 MA. Trump‚Äôs tariff strategy boosts internal production, fueling Bolt‚Äôs expansion in Montana‚Äôs copper fields.

Long-term play looks strong!

#SectorWatch $PLUG $IQ $NVDA $NU https://t.co/SWi03TmtB5"
1866568746472722904,False,2024-12-10 19:40:42,en,0,0,300.0,"Investors are optimistic as $BOLT.CN $PCRCF explores high-grade zones at Northwind.

#BiggBossTelugu8  #BBK11 $SOUN #Gowthwmi #tommavi #sstvi  #GrandeFratello #shailenzo
 $NVDA $PLUG https://t.co/exxCWhJmDW"
1866568745646248237,False,2024-12-10 19:40:42,en,0,0,277.0,"üî• Early results could validate Northwind‚Äôs gold potential. Bolt Metals is making waves. 

$LCID #BiggBossTamil8 #sstvi #shailenzo $NVDA #fishtanklive #tommavi $CLSK $BOLT.CN $PCRCF https://t.co/IiSRXCUA4o"
1866568726432088450,False,2024-12-10 19:40:38,en,0,0,285.0,"White House advisor links hint at $MYNZ political backing‚Äîwatch this space! üá∫üá∏

#GrandeFratello #tommavi $NVDA $SOUN 
$PLUG #BBK11 #BiggBossTelugu8 #Gowthwmi https://t.co/C8BgyxRxPX"
1866568706865946985,False,2024-12-10 19:40:33,en,0,0,3.0,"üåü Northwind‚Äôs assays might validate Bolt Metals as a leader in the Urban-Barry camp. 

#MiningStocks $BOLT.CN $PCRCF $NVDA #ThePlaybook  $NIO #bitcoin #ROSIEBYROS√â https://t.co/MzqajYeklq"
1866568620077449626,False,2024-12-10 19:40:12,en,0,0,70.0,"@stock_unlock I started my holdings from $NVDA but $TSLA gave me more then others stock ,but I'm still learning about stock"
1866568574854369701,False,2024-12-10 19:40:02,en,14,0,216.0,"Everyone witnessed me play the reversal on $NVDA today and sell the top.

Another reversal WILL happen, it‚Äôs only a matter of time and how many options they want to burn before they pump it.

8 likes and I‚Äôll post my next $NVDA trade here on X for free https://t.co/u7CVZcV8nX"
1866568573251977597,False,2024-12-10 19:40:01,en,1,1,80.0,"Top Buzzing Cryptos: CROWD

üü• $PEPE üü© $NVDA üü• $ME

Top 3 Buzzing Cryptos: MP | #SmartMoney

üü© $NVDA
    
Check out sentiment and other crypto stats at https://t.co/HNIKNP1Vwn
#crypto"
1866568569255027173,False,2024-12-10 19:40:00,en,0,0,63.0,"@ArcChame Wild shifts $NVDA is dragging, but $GOOGL and $TSLA are holding strong."
1866568550087004514,False,2024-12-10 19:39:56,en,0,0,520.0,"üî• Bolt Metals (CSE: BOLT) might unveil high-grade gold soon. Northwind assays are the key. 

#ThankYouTaylor #INDvsAUS #BiggBossTelugu8 #Gowthwmi #GrandeFratello #sundayvibes #tommavi $NVDA $SOUN $PLUG #sstvi #shailenzo #BBK11 https://t.co/gVU7PxVJWP"
1866557894860443714,False,2024-12-10 18:57:35,en,13,2,1852.0,Toppy like formation forming in $NVDA https://t.co/kVbpIujg8I
1866273258120626201,False,2024-12-10 00:06:33,en,365,36,46795.0,"$NVDA ONCE IN A LIFETIME MASSIVE Fibonacci Pyramid SETUP (WAITING for PULL BACKS this week)

Buys: 129.77 to 134.22 Target 160üéØ

LOW risk HIGH reward setup I entered into some calls and will add more ONCE WE ENTER THE ZONE!

Drop a LIKE if you want it all here for free on X (see https://t.co/Qz55ZxELlV"
1866315336070385728,False,2024-12-10 02:53:45,en,15,5,3159.0,"Alberta is setting up a  $70 billion dollar worth data centre mega project in Canada and it is set to be the largest investment in Alberta‚Äôs history

And the largest investment of its kind in the world 

Nvidia will be the biggest beneficiary $NVDA 

 https://t.co/1nZaBYJLBA"
1866487376006005137,False,2024-12-10 14:17:22,en,171,43,12285.0,"We're excited to announce the release of KULR XERO VIBE on NVIDIA's Jetson platform!

Check out today's press release for more details:  https://t.co/7FcDHREWvL

#nvidia $NVDA $KULR #kulrtechnology #ai #jetson https://t.co/A66ZowlAK6"
1866496164352438458,False,2024-12-10 14:52:18,en,59,4,5812.0,"Those of you who laughed at my $NVDA call‚Ä¶‚Ä¶

Thanks. üôè https://t.co/gauhGL1yfq"
1866489375066067086,False,2024-12-10 14:25:19,en,149,7,11600.0,Something to note. $NVDA has recently liked to bounce off of 4H Phase Oscillator accumulation. https://t.co/UQjLHFZWZV
1866296947310796859,False,2024-12-10 01:40:41,en,83,13,13936.0,"$NVDA - MAKE IT OR BREAK IT TIME

IF we start to break this trend from August things could start to get ugly https://t.co/SBPUb662Id"
1866555689046319288,False,2024-12-10 18:48:49,en,10,1,769.0,üö® $NVDA would confirm a bearish H&amp;S pattern on the daily with a break of 134 https://t.co/IbTyEnFqJB
1866537050276761944,False,2024-12-10 17:34:46,en,65,2,13817.0,$NVDA bouncing https://t.co/ZQVDDLFQ8q
1866557165843910930,False,2024-12-10 18:54:41,en,5,0,431.0,$NVDA 136 rolled down to 135. Which is trend support. Hasn't been lost since November 2023. https://t.co/LQsBz3q3cO
1866533763036877236,False,2024-12-10 17:21:42,en,7,1,749.0,"Yes, I have been a bull for awhile‚Ä¶. 

But $AMD (to $120) and $NVDA (to $130) look to be the play. They look pretty bearish. 

We went over these on stream this morning. Please be cognizant of these setups! 

Those are my reevaluation zones https://t.co/Yn3O9cn2ss"
1866179770305691654,False,2024-12-09 17:55:03,en,313,33,39783.0,"Just as market was pulling back... $NVDA bouncing off the 55SMA.

Bullish Pennant in progress. https://t.co/QH3T2Bgs5S"
1866530762754797638,False,2024-12-10 17:09:46,en,15,2,1872.0,$NVDA moving into Stage 2B- with a little mini head and shoulders pattern developing as it moves below its 50 day MA https://t.co/tcJTseQTij
1866568463470510231,False,2024-12-10 19:39:35,en,4,0,143.0,"$NVDA

With another $7 rejection from $141.95. Levels don't change https://t.co/XgAxWlPRTa"
1866481685539303772,False,2024-12-10 13:54:46,en,47,0,5267.0,$NVDA Daily Candle Chart https://t.co/SrqkO7M57D
1866552813616292142,False,2024-12-10 18:37:24,en,48,2,1989.0,"What makes a good company?

Here are just three of the things I look for üëá

$PLTR $AMD $NVDA $TSLA $AAPL https://t.co/QnoWS5zz89"
1866534030726066365,False,2024-12-10 17:22:46,en,25,1,2898.0,"$NVDA losing the 50D SMA today. The last time it did that in a big way was August. With a similar look in July...

Patience... https://t.co/iERwTXQxvH"
1866214165632664038,False,2024-12-09 20:11:44,en,272,33,31111.0,"Seismic shift in computing!

$GOOG just commercialized the most advanced quantum chip.

It‚Äôs not competing with $NVDA or others, it simply leapfrogged them.

This is the technology that will enable new breakthroughs in AI, drug discovery, biotech etc‚Ä¶

You must own $GOOG. https://t.co/tgrso9HXjT"
1866205996290318427,False,2024-12-09 19:39:16,en,143,18,14635.0,This $AMD stop run feels like the flush out before another huge run due to CES 2025.  AMD's chiplet AI designs are ahead of even $NVDA which is why Jensen is moving to copy AMDs chiplet design for their future AI chips. In the end both are going to be sold out for years. https://t.co/wT3ZxUXBQL
1866480280657338671,False,2024-12-10 13:49:11,en,29,1,2395.0,"Good morning X lovers! I am feeling energetic today.

Say good morning and tell me what‚Äôs good today:) 

$NVDA $TSLA $MSFT $AAPL
$AMD $PLTR $AMZN $GOOGL $INTU $CRWD $DDOG $FTNT $PANW $ADSK $ASML $AXON $BIIB $ADI $POOL $AMAT $AXON $PANW $LULU $ASML $MRVL $EBS $IVDA $CRDL $WKSP https://t.co/oSN7DflfDb"
1866553215287750877,False,2024-12-10 18:39:00,en,41,3,8524.0,"If you're betting on the GPU boom lasting for several more quarters/years beyond today...

I really don't know why you'd bet on $AMD over $NVDA.

5 turns higher on a forward EBIT multiple to own the clear tech leader here? Makes a lot more sense to me. https://t.co/dcP49ZinRN"
1866527495987831024,False,2024-12-10 16:56:48,en,23,2,2226.0,$NVDA - You won't see this chart anywhere but except in my profile. https://t.co/6ZjY7gt5v4
1866530262760161691,False,2024-12-10 17:07:47,en,56,0,2069.0,"Been a great month outside of this painful $NVDA trade. May have accept defeat today. Will give you an update on this Dec P/L once I realize this loss. 

Happy with my ability to trade around this losing position. https://t.co/ryNr1fcvcG"
1866557333427409321,False,2024-12-10 18:55:21,en,62,1,6016.0,"I‚ÄôM BACK TO MY PRIME. I MADE $500,000 IN 3 DAYS

12/5 $IWM PUT 500% ‚úÖ
12/6 $NVDA PUT 1,700% ‚úÖ
12/9 $IWM PUT 1,800% ‚úÖ
12/9 $SPY PUT 400% ‚úÖ
12/10 $IWM CALL 500% ‚úÖ

I‚ÄôVE MADE 5 MILLIONAIRE STUDENTS. WILL YOU BE THE NEXT? https://t.co/tfSax0SkVw"
1866531775973036111,False,2024-12-10 17:13:48,en,7,1,575.0,One day this will be my $TSLA OR $NVDA moment‚Ä¶ $RR https://t.co/E1wXJR0j5U
1866503489620152323,False,2024-12-10 15:21:24,en,48,5,3509.0,"$KULR partners with $NVDA 
Guys don't get caught in sell - It's a trap. Just hold and wait - It will be $20 soon= you will be rewarded..
Today movers $CMRX $CPIX $RGTI $CRDF https://t.co/b3SUu5VRON"
1866569195699441926,False,2024-12-10 19:42:30,en,0,0,,$NVDA SELLING THIS POS AND DOUBLING ON $GME
1866569191630762330,False,2024-12-10 19:42:29,en,0,0,,"""Join the ultimate winning trading community and receive the next set of lucrative alerts!"" here:https://t.co/SgB2mRPf4D

$SPY $QQQ $AMZN $NVDA $BA $TSLA $BABA $AMD https://t.co/li4lWR0B5Q"
1866895360666526097,False,2024-12-11 17:18:33,en,120,6,8693.0,$NVDA we need $150 again ü•Éüìà https://t.co/YEeNrvPqa0
1866918925876990128,False,2024-12-11 18:52:12,en,194,7,8744.0,"If $NVDA hits $150+ üìà by Friday, will send a Johnnie Walker Blue Label to a random person who likes and comment this post. ‚ù§Ô∏è

Must be a follower to eligible ü•É

Mark my words! ‚úÖ‚ù§Ô∏è https://t.co/lisNnfOfcB"
1866877126651101273,False,2024-12-11 16:06:06,en,71,1,8294.0,$NVDA wake up baby! ü•É https://t.co/jrnELNyXWW
1866577743351255517,False,2024-12-10 20:16:28,en,152,15,21979.0,This is how the rich add to their wealth $NVDA https://t.co/vwXMJyeP14
1866890582745833480,False,2024-12-11 16:59:34,en,37,0,4495.0,$NVDA roller coaster for bulls üìàüìâüìà https://t.co/z9o5gKqNvT
1866628022813737240,False,2024-12-10 23:36:15,en,124,11,16765.0,$NVDA looks vulnerable https://t.co/lWjpnTZMjw
1866914770785567207,False,2024-12-11 18:35:41,en,106,3,8145.0,142 this time $NVDA
1866600025259692419,False,2024-12-10 21:45:00,en,962,84,84757.0,"Yo $NVDA, some help would be nice. üôÉ https://t.co/JlluhDSGB9"
1866887166829216216,False,2024-12-11 16:46:00,en,150,14,14034.0,The $NVDA 140c's that expire this week are getting a lot of activity all of a sudden üëÄ https://t.co/PbehPujecw
1866672515667620145,False,2024-12-11 02:33:03,en,338,31,90834.0,"So now people are plotting $NVDA Head &amp; Shoulders pattern again?

Let's see how it played out before. https://t.co/2cH0fHVcdJ"
1866914758580113551,False,2024-12-11 18:35:38,en,278,11,33309.0,"$NVDA

New Strike!

I just bought a couple of the January 3 $140 calls üëÄ 

Not financial advice! https://t.co/egICO5ix6U"
1866943279302131992,False,2024-12-11 20:28:58,en,0,0,,"Nasdaq 0DTE Explosion Todayüß®ü§Ø:

$TSLA $NVDA $AAPL $MSFT $MSTR $AMZN $META $GOOG $PLTR $AMD $AVGO $ORCL $AJG $COIN $SMCI $UNH $LCID $WBA $INTC $NIO $AI $SOFI $PLUG $RIOT $MARA $MU $WBD $MSFT $AAL $SOUN $RIG $GSAT $GOOGL $RIVN $PFE $LCID $WBA $INTC"
1866943170723930536,False,2024-12-11 20:28:32,en,0,0,13.0,"I see some familiar names on this list $AVGO, $TSLA, $NVDA etc.

This infographic ranks the top performing S&amp;P 500 stocks over four different time periods, providing unique historical insight. https://t.co/7xcNP3KoSl via @visualcap"
1866943057821831521,False,2024-12-11 20:28:05,en,0,0,51.0,"Best trading community, Get next winning alerts here:  Discord Link Here ‚û°Ô∏èhttps://t.co/NBC9xD6OWb

$TSLA $DJT $SPY $NVDA $MAXN $GME $QQQ $SCNI $HOLO $DAI $MARA $HOOD $MSTR $ROIT $AMZN https://t.co/PRmJZDQBNX"
1866943045733847165,False,2024-12-11 20:28:02,en,0,0,70.0,"#LuncArmy #LUNC Fearless Warriors, and fellow Degens when the war begins. Can this guy be on the front line?  üëÄ #BTC $300K #DYOR ... ü§£ü§£ü§£

$TSLA $DOGE $BTC $TWT $GME $AMC $NVDA $LUNC $SOL $WIF $PNUT $FRED #SOLGUY"
1866943022744867018,False,2024-12-11 20:27:57,en,1,0,17.0,$NVDA target hit sold for 77% tomorrow i'm sure i'll get another opportunity https://t.co/21ngy7GHqt
1866943004344517049,False,2024-12-11 20:27:53,en,0,0,38.0,"Best discord group for the traders join here

Discord Link Here https://t.co/oDTL2fl58m

$CRKN $SPY $GNS $HOLO $NVDA $CYN $BSFC $MULN $TSLA $NFLX $QQQ $META $AAPL https://t.co/5GhKrwDDXo"
1866942989026680930,False,2024-12-11 20:27:49,en,1,0,54.0,Oh and we smoked $NVDA as well https://t.co/kOr1QCAyN6
1866942969921593417,False,2024-12-11 20:27:44,en,0,0,13.0,"@BillRoman15 Especially when consider $GOOG valuation vs. $MSFT $NVDA even $META (which is also a regulatory target.) It's cheap, buying back shares, etc. 

Cloud is big. TPU's could be too. Lot of good stuff here, but lots of near term noise."
1866942928561521114,False,2024-12-11 20:27:34,en,2,0,87.0,@Banana3Stocks That‚Äôs exactly what I‚Äôm thinking. $nvda a day or two away from reclaiming short term supply with 145‚Äôs for 12/20 coming on
1866942922559524902,False,2024-12-11 20:27:33,en,1,0,150.0,"Guys this is December on the small account‚Ä¶ I have a surprise for you 

I‚Äôll show you on Christmas Day where it‚Äôs at ü´°ü´°üöÄüöÄ

$SPY $TSLA $NVDA $QQQ $META $COIN $MSTR #BTC $NFLX $MSFT $GOOG $AMD $PLTR https://t.co/Ok2kkhTazo"
1866942913202229444,False,2024-12-11 20:27:31,en,0,0,88.0,"Tesla $TSLA printed a new hist' high of $420.69 üòë
-
$GME $PLTR $RDDT $COIN $TSLA $GM $NVDA 
$GOOGL $PLAY $M $AI $SMR $PL $KSS $SMCI 
$WBA $XOM $SPY $JBLU $AVGO $WWW https://t.co/axejxJUH6h"
1866942863927349641,False,2024-12-11 20:27:19,en,0,0,17.0,"$LRCX 100%+ in an hour for my OGs
$NVDA 40% hodl 

Alerts returning soon üêÜ https://t.co/KnONfvxcQM"
1866942846907060558,False,2024-12-11 20:27:15,en,0,0,31.0,"Check out our subscriber alerts in our discord

Discord Link Here‚û° https://t.co/NBC9xD6OWb
  $MSFT $GOOGL $FB $NFLX $NUDA $AMD $BABA $NVDA $AAPL https://t.co/Hr9jZ9Uexj"
1866942755697815615,False,2024-12-11 20:26:53,en,15,0,488.0,$NVDA $142 tomorrow. Go from there.
1866942744331210905,False,2024-12-11 20:26:51,en,0,0,59.0,"Mega cap zooming ahead except $AAPL Doji day $TSLA &gt; $GOOGL &gt; $NVDA &gt;   $META &gt; $AMZN &gt; $AAPL $247 
Macro showing neg headwind $TLT $VIX $DXY https://t.co/P0zjigSuCl"
1866863566738899333,False,2024-12-11 15:12:13,en,14,4,987.0,"today's tag #video for our article "" Artificial Intelligence and Sustainable Energy ‚ÄìStocks to Watch""
featuring KULR Technology Group, Inc (NYSE American: $KULR), a global leader in energy management and vibration reduction solutions, NVIDIA (NASDAQ: $NVDA), Navitas Semiconductor https://t.co/HG174Fed2p"
1866934049916514670,False,2024-12-11 19:52:18,en,18,0,1164.0,$NVDA That is all https://t.co/rkZszW2AW0
1866930205161648273,False,2024-12-11 19:37:01,en,200,53,9343.0,"The 4 Phases of the AI Revolution

Phase 1: Infrastructure
- Chips: $NVDA $AVGO $TSM $ANET $MRVL
- Data Centers: $ORCL $AMZN $GOOGL $VRT $SMCI $DELL $HPE 
- Power: $VST $CEG $PEG $PWR
- Nuclear: $GEV $BWXT $NNE $SMR $OKLO
- Data: $NOW $PLTR $SNOW $GTLB $DDOG $MDB $INOD
 
Phase 2: https://t.co/k6FhGdFz9X"
1866569677968642304,False,2024-12-10 19:44:25,en,303,21,60654.0,Now or Never $NVDA https://t.co/KUZraC1EWb
1866819109637300296,False,2024-12-11 12:15:34,en,13,2,3759.0,"$NVDA hanging on by a trend line.

Anyone buying at this support or is it a short? https://t.co/CBYhUWZK5E"
1866927688016855397,False,2024-12-11 19:27:01,en,11,3,1460.0,"Behold what I consider the easiest type of chart to play, the sideways trend consolidation chart.
$NVDA &gt; 150 = breakout and further upside potential
$NVDA &lt; 132 = breakdown and further downside potential
Sometimes the chart tells you to take action, sometimes the chart tells you https://t.co/4JoolFJBMJ"
1866901294037749891,False,2024-12-11 17:42:08,en,35,0,3348.0,Do NOT forget about this weekly chart $NVDA https://t.co/RtaUScI90n
1866698943066988969,False,2024-12-11 04:18:04,en,39,5,4635.0,"$NVDA 

WE RE LOADED NVDA INTO NVDA SWINGS 

WE ARE GOING TO LAUNCH IT BACK UP AND DESTROY THE MARKET MAKERS https://t.co/IyE9VlfGBI"
1866416611227562098,False,2024-12-10 09:36:11,en,18,43,4853.0,"üöÄüöÄ@BullJen88 Tired of seeing red? Move over to $PW.  Green today and just starting. Breakout soon. Leasing GREENhouses to the cannabis industry. No dilution. Exponential growth. Stay green.  

$NVDA $JL $UPC $BIOA $TSLA $DUO $LDTC $MSPR $SONN $AI $GME $AMC $MSFT $CYN $GOEV $PBM https://t.co/m0GzUXPWpT"
1866585576171827467,False,2024-12-10 20:47:35,en,14,4,3679.0,$NVDA MASSIVE ABOVE ASK SHORT DATED PUT SWEEPS DETECED üßê https://t.co/kbhACZ3EEY
1866886816076640372,False,2024-12-11 16:44:36,en,332,16,19377.0,"I am losing my patience with the lagging $NVDA; It's been almost a year and it's up only 177%, it‚Äôs so frustrating. https://t.co/D4yT4ktLUp"
1866901393165910353,False,2024-12-11 17:42:32,en,37,7,6389.0,"Mag7 rocking this month... except for...

$TSLA +20%
$GOOGL +15%
$AMZN +11%
$META +11%
$MSFT +6%
$AAPL +5%
$NVDA +0.3% https://t.co/i3A5bwiRBv"
1866879173710491900,False,2024-12-11 16:14:14,en,6,2,1019.0,$NVDA super big flow https://t.co/5k0loJwqxi
1866938381386572213,False,2024-12-11 20:09:30,en,10,1,614.0,"Live heat! üî•
All you need is $TSLA $NVDA and $SPX ü§£ https://t.co/O1FuwOrHyd"
1866936024477098335,False,2024-12-11 20:00:08,en,8,1,327.0,"Lol, what the heck is Avago Technologies? When did Broadcom get renamed? $AVGO 

AI usually impresses me with how insanely good and bad it could be. 
$NVDA https://t.co/pjP1TeE9FN"
1866831886523273437,False,2024-12-11 13:06:20,en,11,3,1702.0,"ü§ØTOP 4 STOCK CHARTS IN UNDER 30 SECONDS üëá

$SPY

üá∫üá∏ $PNPNF üá®üá¶ $PNPN

$NVDA

$AMD

Watch the video for the charts!

#Stockmarket #trading #investing $qqq $smci $tsla $sofi $pltr https://t.co/cSBrURSMp6"
1866932265806098635,False,2024-12-11 19:45:12,en,2,0,335.0,"$NVDA  For those traders focused on NVDA potential for lower - one thing to pay attention to is the obvious area of liquidity on the daily chart right.

Institutions are obviously looking for people to sell, producing the liquidity (shares) that they want at a lower price.

They https://t.co/L1qDtb85b6"
1866931835218895035,False,2024-12-11 19:43:30,en,7,1,499.0,"$NVDA Update

Been awhile since I've been in this one but I'm here for it now! Looks rock solid cracking that 50SMA with a strength candle today. Could be setting up for 145-149 then 153 in the next 2 weeks. Chips have been awfully quiet so expecting some kind of rotation from https://t.co/YqELSweyDV"
1866906187733553461,False,2024-12-11 18:01:35,en,5,0,453.0,$NVDA isn't even at all-time highs...imagine the smell?! https://t.co/oiNnX1UCbu
1865020869585596484,False,2024-12-06 13:10:00,en,12,4,3323.0,"$ILLR APES HOLD STRONG!! IT'S GONNA BE ""YUGE"" !
Expect exciting, new innovation from #Triller.
This is just the beginning--diamond hands.

$META $DJT $GOOG $SNAP $PINS $NFLX $AMZN $NVDA $PRFX $UAVS $UPC $PGHL $ADD $TSLA $ZBAO $UPC $LEV
@triller_IR @triller @TheWingFai
@jctb1 https://t.co/RZbs5kkX8o"
1866685882834751977,False,2024-12-11 03:26:10,en,81,9,9794.0,"ùêáùêéùêñ ùêìùêé ùêåùêÄùêäùêÑ $ùüè,ùüéùüéùüé‚Äôùê¨ ùêÉùêÄùêò ùêìùêëùêÄùêÉùêàùêçùêÜ

- How we caught $NVDA Puts for 180%

- How to create Trade Plan

- Live Trade Recap

- Full Strategy Breakdown

- Time Frames to use  

Hit the RT LIKE and DROP A COMMENT ‚ù§Ô∏è FOR MORE 

$SPY $SPX $QQQ https://t.co/GaHUJYi2vW"
1866658347279151162,False,2024-12-11 01:36:45,en,17,1,2435.0,"Nancy Pelosi is still holding her calls, right? Right?

$NVDA https://t.co/jo1fxbGPY4"
1866881564568862989,False,2024-12-11 16:23:44,en,206,3,19469.0,I‚Äôm feeling my crystal ball telling me $NVDA day tomorrow.
1760110659583295826,False,2024-02-21 01:14:17,en,7793,611,1134007.0,"CNBC is running a $NVDA earnings countdown like it‚Äôs New Year‚Äôs Eve. It was a good run everybody, it‚Äôs so over. https://t.co/StHIMcr3yP"
1804854875055964214,False,2024-06-23 12:31:49,en,5356,628,1885097.0,$NVDA insiders are selling the stock at the fastest pace in years https://t.co/v92NYlQ6xc
1866900558281670949,False,2024-12-11 17:39:13,en,9,1,1145.0,$MSTR is up 2800% since January 2023 which is a bit better than $NVDL (2x long the daily change in $NVDA). There's one stock that has done even better - $APP is up 3000% for the same time. https://t.co/7I5uDbRmCx
1794057128597930297,False,2024-05-24 17:25:26,en,4759,412,487423.0,"As of this writing, Nvidia $NVDA is one of the few assets that has outperformed bitcoin over a 10-year time period. https://t.co/PVgur6uBWY"
1804521829035352337,False,2024-06-22 14:28:25,en,2462,490,549473.0,"I mean, it's probably something.

$NVDA insiders are dumping at the fastest pace in years.

The other times it exceeded $150 million during a month, the stock got put in the penalty box. https://t.co/eWhj90ZAUJ"
1802325503392817507,False,2024-06-16 13:01:00,en,14150,2224,1572513.0,"Jensen Huang of Nvidia, $NVDA: ""Greatness does not come from intelligence. Greatness comes from character, and character isn't isn't formed out of smart people: it's formed out of people who have suffered."" https://t.co/Ak93fWsCRh"
1812977073071485245,False,2024-07-15 22:26:32,en,13809,2085,684270.0,To outperform $NVDA - get on the #Bitcoin Standard. https://t.co/Dp361BFfPi
1864437023806837217,False,2024-12-04 22:30:00,en,373,34,28734.0,"First week of December has been all about the Mag Seven. üü©

$META +6.31%
$NVDA +4.25%
$AMZN +3.89%
$MSFT +3.77%
$GOOG +3.33%
$AAPL +2.42%
$TSLA +1.18% https://t.co/xDKvDuEaau"
1866897776065515758,False,2024-12-11 17:28:09,en,93,14,17496.0,"$MAGS - This is the chart of the Magnificent 7 ETF which represents $GOOGL, $AMZN, $AAPL, $META, $MSFT, $NVDA, and $TSLA. This chart is up 9 days in a row and putting in what I call a ""parabolic burst"". 

It is about to breach 7x ATR extensions above the 50sma. This, along with https://t.co/g2zBX0dFmS"
1863722275020870061,False,2024-12-02 23:09:51,en,120,20,20580.0,"My portfolio on Blossom, which I started four months ago, is up over ~45% ü§Ø

Come here us talk about our portfolio on @WOLF_Financial spaces right now! 

Current holdings: $BTCL, $NVDA, $META, $AMZN, $FSLR, $SNOW, $ASML, $MDB, $TSLA, $FBL, $NVDL, $AMZZ, $MU https://t.co/8rbcbpNBBH"
1702086441654796527,False,2023-09-13 22:26:45,en,2255,302,445375.0,"JUST IN : NVIDIA CEO JUST SOLD ANOTHER CHUNK OF NVIDIA SHARES 

INSIDER BUYING V/S SELLING FOR $NVDA IN THE LAST 3 MONTHS 

BUYS -&gt; $0

SELLS -&gt; $276 MILLION

$NVDA https://t.co/CCUwva2pxW"
1781783350979535032,False,2024-04-20 20:33:49,en,9921,546,2903924.0,"SOMEONE ON REDDIT YESTERDAY TURNED $800 INTO $100,000 IN A FEW HOURS BY BUYING FAR OTM 0DT PUTS ON NVIDIA

$NVDA https://t.co/pWbk30O1Xz"
1828890614714556471,False,2024-08-28 20:21:16,en,3176,400,895966.0,"NVIDIA  JUST REPORTED EARNINGS 

*NVIDIA Q2 REVENUE $30.04 B, EST. $28.9B ( BEAT ‚úÖ ) 

*NVIDIA Q2 ADJ EPS $0.68 , EST. $0.65 ( BEAT ‚úÖ )

*NVIDIA ANNOUNCES $50 BILLION DOLLAR BUYBACK ‚úÖ

$NVDA https://t.co/JpjOQXhV88"
1866943345089712292,False,2024-12-11 20:29:14,en,0,0,,"What a beauty! Flying taxis are the future! No wonder #UAE , #Japan &amp; many other countries investing in it! Archer Aviation $ACHR üöÄ

https://t.co/C7rqV9I6N2

$htoo $cney $smm $ccrn $xcur $hrtx $huhu $pstg $rbot $svmh $bzfd $amzn $nvda $aapl $gme $mynz $amd #crypto #Bitcoin #BTC"
1866943337866961406,False,2024-12-11 20:29:12,en,0,0,,"Could $BOLT.CN ($PCRCF) announce a breakthrough soon? Everything is in place for success! üåü

#‡∏õ‡∏¥‡πà‡∏ô‡∏†‡∏±‡∏Å‡∏î‡∏¥‡πåEP14 $PLUG #ThePlaybook $NVDA $PLTR $PCRCF $SMCI #sstvi $PLTR"
1864014600229769683,False,2024-12-03 18:31:27,en,227,25,13215.0,"Elon is a huge fan of Jensen. 

We all know how special Jensen H is. $NVDA https://t.co/aK4SlRBptY"
